{
  "leaf": 987654321,
  "path_hashes": 1234567,
  "index": 1,
  "root": 1.5787120621134424e+76,
  "nullifier": 5.873063105042348e+75,
  "secret": 424242
}